{
    "1": {
        "chamfer_distance": 0.010919745080173016,
        "f1_scores": {
            "radius_0.1": {
                "f1_score": 0.9400241532794296,
                "precision": 0.9156312499999427,
                "recall": 0.9657523187426245
            },
            "radius_0.15": {
                "f1_score": 0.972930632758951,
                "precision": 0.9530312499999404,
                "recall": 0.9936787493630794
            },
            "radius_0.3": {
                "f1_score": 0.991214100349122,
                "precision": 0.9825812499999386,
                "recall": 0.9999999999999903
            }
        }
    },
    "2": {
        "chamfer_distance": 0.01441468670964241,
        "f1_scores": {
            "radius_0.1": {
                "f1_score": 0.916136970385917,
                "precision": 0.8832499999999447,
                "recall": 0.9515676952959864
            },
            "radius_0.15": {
                "f1_score": 0.9576182023476411,
                "precision": 0.9283249999999419,
                "recall": 0.9888203393828902
            },
            "radius_0.3": {
                "f1_score": 0.9864616923131281,
                "precision": 0.9735874999999391,
                "recall": 0.9996809402400973
            }
        }
    },
    "3": {
        "chamfer_distance": 0.03986797109246254,
        "f1_scores": {
            "radius_0.1": {
                "f1_score": 0.8542454364953453,
                "precision": 0.8023499999999498,
                "recall": 0.9133182311713562
            },
            "radius_0.15": {
                "f1_score": 0.9116812879742417,
                "precision": 0.8537499999999466,
                "recall": 0.9780467548238357
            },
            "radius_0.3": {
                "f1_score": 0.9595738519872459,
                "precision": 0.9224249999999423,
                "recall": 0.9998404701200438
            }
        }
    },
    "4": {
        "chamfer_distance": 0.03345414996147156,
        "f1_scores": {
            "radius_0.1": {
                "f1_score": 0.8578797253056285,
                "precision": 0.8109687499999493,
                "recall": 0.9105511128901022
            },
            "radius_0.15": {
                "f1_score": 0.9166123629505434,
                "precision": 0.8648749999999459,
                "recall": 0.9749335050454856
            },
            "radius_0.3": {
                "f1_score": 0.963728613527695,
                "precision": 0.9302749999999418,
                "recall": 0.9996780396968256
            }
        }
    },
    "5": {
        "chamfer_distance": 0.012837136164307594,
        "f1_scores": {
            "radius_0.1": {
                "f1_score": 0.9175341635525438,
                "precision": 0.8848562499999446,
                "recall": 0.9527182441271158
            },
            "radius_0.15": {
                "f1_score": 0.9589967674438382,
                "precision": 0.9296437499999418,
                "recall": 0.9902638430844668
            },
            "radius_0.3": {
                "f1_score": 0.9875500242668711,
                "precision": 0.975406249999939,
                "recall": 0.9999999999999903
            }
        }
    },
    "6": {
        "chamfer_distance": 0.10982736200094223,
        "f1_scores": {
            "radius_0.1": {
                "f1_score": 0.7651325251968437,
                "precision": 0.6980499999999563,
                "recall": 0.8464790788647966
            },
            "radius_0.15": {
                "f1_score": 0.83346617741705,
                "precision": 0.7466812499999532,
                "recall": 0.9430778051395602
            },
            "radius_0.3": {
                "f1_score": 0.9056986858850586,
                "precision": 0.8279749999999482,
                "recall": 0.999526244598937
            }
        }
    },
    "7": {
        "chamfer_distance": 0.11181437224149704,
        "f1_scores": {
            "radius_0.1": {
                "f1_score": 0.7587779098318302,
                "precision": 0.6892999999999568,
                "recall": 0.8438318497054417
            },
            "radius_0.15": {
                "f1_score": 0.832915978762699,
                "precision": 0.7436062499999535,
                "recall": 0.9466067994535284
            },
            "radius_0.3": {
                "f1_score": 0.9062817593197373,
                "precision": 0.8288124999999481,
                "recall": 0.9997263820846881
            }
        }
    },
    "8": {
        "chamfer_distance": 0.030443955212831497,
        "f1_scores": {
            "radius_0.1": {
                "f1_score": 0.8543662386175493,
                "precision": 0.8054687499999496,
                "recall": 0.9095842651328506
            },
            "radius_0.15": {
                "f1_score": 0.9147058081206397,
                "precision": 0.8634687499999459,
                "recall": 0.9724071318557872
            },
            "radius_0.3": {
                "f1_score": 0.9673436489528512,
                "precision": 0.9370999999999413,
                "recall": 0.9996045592672744
            }
        }
    },
    "9": {
        "chamfer_distance": 0.05374298244714737,
        "f1_scores": {
            "radius_0.1": {
                "f1_score": 0.8465736795685945,
                "precision": 0.7929062499999504,
                "recall": 0.908033441330219
            },
            "radius_0.15": {
                "f1_score": 0.9015719608456799,
                "precision": 0.8389874999999475,
                "recall": 0.9742460762900798
            },
            "radius_0.3": {
                "f1_score": 0.9508807417906058,
                "precision": 0.9064062499999432,
                "recall": 0.999944889677827
            }
        }
    },
    "10": {
        "chamfer_distance": 0.02519943192601204,
        "f1_scores": {
            "radius_0.1": {
                "f1_score": 0.8668848476467566,
                "precision": 0.8189374999999488,
                "recall": 0.92079583172594
            },
            "radius_0.15": {
                "f1_score": 0.9282842825788118,
                "precision": 0.8811187499999449,
                "recall": 0.9807848676723722
            },
            "radius_0.3": {
                "f1_score": 0.9753272134469313,
                "precision": 0.9520187499999404,
                "recall": 0.9998056636007827
            }
        }
    },
    "11": {
        "chamfer_distance": 8.476773262023926,
        "f1_scores": {
            "radius_0.1": {
                "f1_score": 0.0005941933908144647,
                "precision": 0.0003499999999999781,
                "recall": 0.0019656014904924834
            },
            "radius_0.15": {
                "f1_score": 0.0009136946797187746,
                "precision": 0.0004999999999999687,
                "recall": 0.0052934914709524584
            },
            "radius_0.3": {
                "f1_score": 0.0022908159231200655,
                "precision": 0.0011999999999999249,
                "recall": 0.02517768244658867
            }
        }
    }
}