{
    "1": {
        "chamfer_distance": 0.010919745080173016,
        "f1_scores": {
            "radius_0.05": {
                "f1_score": 0.666648805141449,
                "precision": 0.6666666865348816,
                "recall": 0.6666309237480164
            },
            "radius_0.15": {
                "f1_score": 0.6678143739700317,
                "precision": 0.6683334112167358,
                "recall": 0.6672970652580261
            },
            "radius_0.3": {
                "f1_score": 0.6697561144828796,
                "precision": 0.6700000166893005,
                "recall": 0.6695124506950378
            }
        }
    },
    "2": {
        "chamfer_distance": 0.01441468670964241,
        "f1_scores": {
            "radius_0.05": {
                "f1_score": 0.666648805141449,
                "precision": 0.6666666865348816,
                "recall": 0.6666309237480164
            },
            "radius_0.15": {
                "f1_score": 0.6678143739700317,
                "precision": 0.6683334112167358,
                "recall": 0.6672970652580261
            },
            "radius_0.3": {
                "f1_score": 0.6697561144828796,
                "precision": 0.6700000166893005,
                "recall": 0.6695124506950378
            }
        }
    },
    "3": {
        "chamfer_distance": 0.03986797109246254,
        "f1_scores": {
            "radius_0.05": {
                "f1_score": 0.666648805141449,
                "precision": 0.6666666865348816,
                "recall": 0.6666309237480164
            },
            "radius_0.15": {
                "f1_score": 0.6678143739700317,
                "precision": 0.6683334112167358,
                "recall": 0.6672970652580261
            },
            "radius_0.3": {
                "f1_score": 0.6697561144828796,
                "precision": 0.6700000166893005,
                "recall": 0.6695124506950378
            }
        }
    },
    "4": {
        "chamfer_distance": 0.03345414996147156,
        "f1_scores": {
            "radius_0.05": {
                "f1_score": 0.666648805141449,
                "precision": 0.6666666865348816,
                "recall": 0.6666309237480164
            },
            "radius_0.15": {
                "f1_score": 0.6678143739700317,
                "precision": 0.6683334112167358,
                "recall": 0.6672970652580261
            },
            "radius_0.3": {
                "f1_score": 0.6697561144828796,
                "precision": 0.6700000166893005,
                "recall": 0.6695124506950378
            }
        }
    },
    "5": {
        "chamfer_distance": 0.012837136164307594,
        "f1_scores": {
            "radius_0.05": {
                "f1_score": 0.666648805141449,
                "precision": 0.6666666865348816,
                "recall": 0.6666309237480164
            },
            "radius_0.15": {
                "f1_score": 0.6678143739700317,
                "precision": 0.6683334112167358,
                "recall": 0.6672970652580261
            },
            "radius_0.3": {
                "f1_score": 0.6697561144828796,
                "precision": 0.6700000166893005,
                "recall": 0.6695124506950378
            }
        }
    },
    "6": {
        "chamfer_distance": 0.10982736200094223,
        "f1_scores": {
            "radius_0.05": {
                "f1_score": 0.666648805141449,
                "precision": 0.6666666865348816,
                "recall": 0.6666309237480164
            },
            "radius_0.15": {
                "f1_score": 0.6678143739700317,
                "precision": 0.6683334112167358,
                "recall": 0.6672970652580261
            },
            "radius_0.3": {
                "f1_score": 0.6697561144828796,
                "precision": 0.6700000166893005,
                "recall": 0.6695124506950378
            }
        }
    },
    "7": {
        "chamfer_distance": 0.11181437224149704,
        "f1_scores": {
            "radius_0.05": {
                "f1_score": 0.666648805141449,
                "precision": 0.6666666865348816,
                "recall": 0.6666309237480164
            },
            "radius_0.15": {
                "f1_score": 0.6678143739700317,
                "precision": 0.6683334112167358,
                "recall": 0.6672970652580261
            },
            "radius_0.3": {
                "f1_score": 0.6697561144828796,
                "precision": 0.6700000166893005,
                "recall": 0.6695124506950378
            }
        }
    },
    "8": {
        "chamfer_distance": 0.030443955212831497,
        "f1_scores": {
            "radius_0.05": {
                "f1_score": 0.666648805141449,
                "precision": 0.6666666865348816,
                "recall": 0.6666309237480164
            },
            "radius_0.15": {
                "f1_score": 0.6678143739700317,
                "precision": 0.6683334112167358,
                "recall": 0.6672970652580261
            },
            "radius_0.3": {
                "f1_score": 0.6697561144828796,
                "precision": 0.6700000166893005,
                "recall": 0.6695124506950378
            }
        }
    },
    "9": {
        "chamfer_distance": 0.05374298244714737,
        "f1_scores": {
            "radius_0.05": {
                "f1_score": 0.666648805141449,
                "precision": 0.6666666865348816,
                "recall": 0.6666309237480164
            },
            "radius_0.15": {
                "f1_score": 0.6678143739700317,
                "precision": 0.6683334112167358,
                "recall": 0.6672970652580261
            },
            "radius_0.3": {
                "f1_score": 0.6697561144828796,
                "precision": 0.6700000166893005,
                "recall": 0.6695124506950378
            }
        }
    },
    "10": {
        "chamfer_distance": 0.02519943192601204,
        "f1_scores": {
            "radius_0.05": {
                "f1_score": 0.666648805141449,
                "precision": 0.6666666865348816,
                "recall": 0.6666309237480164
            },
            "radius_0.15": {
                "f1_score": 0.6678143739700317,
                "precision": 0.6683334112167358,
                "recall": 0.6672970652580261
            },
            "radius_0.3": {
                "f1_score": 0.6697561144828796,
                "precision": 0.6700000166893005,
                "recall": 0.6695124506950378
            }
        }
    },
    "11": {
        "chamfer_distance": 8.476773262023926,
        "f1_scores": {
            "radius_0.05": {
                "f1_score": 0.666648805141449,
                "precision": 0.6666666865348816,
                "recall": 0.6666309237480164
            },
            "radius_0.15": {
                "f1_score": 0.6678143739700317,
                "precision": 0.6683334112167358,
                "recall": 0.6672970652580261
            },
            "radius_0.3": {
                "f1_score": 0.6697561144828796,
                "precision": 0.6700000166893005,
                "recall": 0.6695124506950378
            }
        }
    }
}